{"moduleName":null,"summaries":[{"symbol":{"__symbol":0,"members":[]},"metadata":{"__symbolic":"class","extends":{"__symbol":1,"members":[]},"members":{"classTeacher":[{"__symbolic":"property","decorators":[{"__symbolic":"call","expression":{"__symbol":2,"members":[]},"arguments":[{"originalDataField":"ClassTeacher","dataField":"classTeacher","primary":true,"originalDataFieldType":"String","initValue":"","path":"ClassTeacher.ClassTeacher","validRules":[{"type":"required","constraints":[true]},{"type":"maxLength","constraints":[36],"message":"最大长度为36"}]}]}]}],"classTeacher_Name":[{"__symbolic":"property","decorators":[{"__symbolic":"call","expression":{"__symbol":2,"members":[]},"arguments":[{"originalDataField":"Name","dataField":"classTeacher_Name","originalDataFieldType":"String","initValue":"","path":"ClassTeacher.ClassTeacher_Name","validRules":[{"type":"maxLength","constraints":[36],"message":"最大长度为36"}]}]}]}],"classTeacher_TID":[{"__symbolic":"property","decorators":[{"__symbolic":"call","expression":{"__symbol":2,"members":[]},"arguments":[{"originalDataField":"TID","dataField":"classTeacher_TID","originalDataFieldType":"String","initValue":"","path":"ClassTeacher.ClassTeacher_TID","validRules":[{"type":"maxLength","constraints":[36],"message":"最大长度为36"}]}]}]}]}}}],"symbols":[{"__symbol":0,"name":"Teacher99f3Entity","filePath":"./teacher99f3entity"},{"__symbol":1,"name":"Entity","filePath":"@farris/devkit"},{"__symbol":2,"name":"NgField","filePath":"@farris/devkit"}]}