{"moduleName":null,"summaries":[{"symbol":{"__symbol":0,"members":[]},"metadata":{"__symbolic":"class","extends":{"__symbol":1,"members":[]},"members":{"teacher":[{"__symbolic":"property","decorators":[{"__symbolic":"call","expression":{"__symbol":2,"members":[]},"arguments":[{"originalDataField":"Teacher","dataField":"teacher","primary":true,"originalDataFieldType":"String","initValue":"","path":"Teacher.Teacher","validRules":[{"type":"maxLength","constraints":[36],"message":"最大长度为36"}]}]}]}],"teacher_Name":[{"__symbolic":"property","decorators":[{"__symbolic":"call","expression":{"__symbol":2,"members":[]},"arguments":[{"originalDataField":"Name","dataField":"teacher_Name","originalDataFieldType":"String","initValue":"","path":"Teacher.Teacher_Name","validRules":[{"type":"maxLength","constraints":[36],"message":"最大长度为36"}]}]}]}],"teacher_TID":[{"__symbolic":"property","decorators":[{"__symbolic":"call","expression":{"__symbol":2,"members":[]},"arguments":[{"originalDataField":"TID","dataField":"teacher_TID","originalDataFieldType":"String","initValue":"","path":"Teacher.Teacher_TID","validRules":[{"type":"maxLength","constraints":[36],"message":"最大长度为36"}]}]}]}]}}}],"symbols":[{"__symbol":0,"name":"Teacher1ac0Entity","filePath":"./teacher1ac0entity"},{"__symbol":1,"name":"Entity","filePath":"@farris/devkit"},{"__symbol":2,"name":"NgField","filePath":"@farris/devkit"}]}