{"moduleName":null,"summaries":[{"symbol":{"__symbol":0,"members":[]},"metadata":{"__symbolic":"class","extends":{"__symbol":1,"members":[]},"members":{"name":[{"__symbolic":"property","decorators":[{"__symbolic":"call","expression":{"__symbol":2,"members":[]},"arguments":[{"id":"name_97531977_j5o1","name":"{{name_97531977_j5o1}}","binding":"name","updateOn":"blur","defaultI18nValue":"班级名称","validRules":[{"type":"required","constraints":[true]},{"type":"matches","constraints":[""]}]}]}]}],"classTcher":[{"__symbolic":"property","decorators":[{"__symbolic":"call","expression":{"__symbol":2,"members":[]},"arguments":[{"id":"classTcher_57706799_m5dz","name":"{{classTcher_57706799_m5dz}}","binding":"classTcher","updateOn":"blur","defaultI18nValue":"班主任"}]}]}]}},"type":{"summaryKind":3,"type":{"reference":{"__symbol":0,"members":[]},"diDeps":[],"lifecycleHooks":[1]}}}],"symbols":[{"__symbol":0,"name":"BasicFormViewmodelForm","filePath":"./basicformviewmodelform"},{"__symbol":1,"name":"Form","filePath":"@farris/devkit"},{"__symbol":2,"name":"NgFormControl","filePath":"@farris/devkit"}]}