{"moduleName":null,"summaries":[{"symbol":{"__symbol":0,"members":[]},"metadata":{"__symbolic":"class","extends":{"__symbol":1,"members":[]},"members":{"student_Student_StuID":[{"__symbolic":"property","decorators":[{"__symbolic":"call","expression":{"__symbol":2,"members":[]},"arguments":[{"id":"student.student_StuID","name":"{{student_Student_StuID_1f6f0446_ez3t}}","binding":"student.student_StuID","updateOn":"blur","defaultI18nValue":"学号"}]}]}],"student_Student_Name":[{"__symbolic":"property","decorators":[{"__symbolic":"call","expression":{"__symbol":2,"members":[]},"arguments":[{"id":"student.student_Name","name":"{{student_Student_Name_7ba2c5c2_y7wg}}","binding":"student.student_Name","updateOn":"blur","defaultI18nValue":"姓名","validRules":[{"type":"matches","constraints":[""]}]}]}]}]}},"type":{"summaryKind":3,"type":{"reference":{"__symbol":0,"members":[]},"diDeps":[],"lifecycleHooks":[1]}}}],"symbols":[{"__symbol":0,"name":"StudentComponentViewmodelForm","filePath":"./studentcomponentviewmodelform"},{"__symbol":1,"name":"Form","filePath":"@farris/devkit"},{"__symbol":2,"name":"NgFormControl","filePath":"@farris/devkit"}]}