{"moduleName":null,"summaries":[{"symbol":{"__symbol":0,"members":[]},"metadata":{"__symbolic":"class","extends":{"__symbol":1,"members":[]},"members":{"id":[{"__symbolic":"property","decorators":[{"__symbolic":"call","expression":{"__symbol":2,"members":[]},"arguments":[{"originalDataField":"ID","dataField":"id","primary":true,"originalDataFieldType":"String","initValue":"","path":"ID","validRules":[{"type":"required","constraints":[true]},{"type":"maxLength","constraints":[36],"message":"最大长度为36"}]}]}]}],"version":[{"__symbolic":"property","decorators":[{"__symbolic":"call","expression":{"__symbol":2,"members":[]},"arguments":[{"originalDataField":"Version","dataField":"version","originalDataFieldType":"DateTime","initValue":"0001-01-01T00:00:00","path":"Version","enableTimeZone":true}]}]}],"cid":[{"__symbolic":"property","decorators":[{"__symbolic":"call","expression":{"__symbol":2,"members":[]},"arguments":[{"originalDataField":"CID","dataField":"cid","originalDataFieldType":"String","initValue":"","path":"CID","validRules":[{"type":"required","constraints":[true]},{"type":"maxLength","constraints":[36],"message":"最大长度为36"}]}]}]}],"name":[{"__symbolic":"property","decorators":[{"__symbolic":"call","expression":{"__symbol":2,"members":[]},"arguments":[{"originalDataField":"Name","dataField":"name","originalDataFieldType":"String","initValue":"","path":"Name","validRules":[{"type":"required","constraints":[true]},{"type":"maxLength","constraints":[36],"message":"最大长度为36"}]}]}]}],"sort":[{"__symbolic":"property","decorators":[{"__symbolic":"call","expression":{"__symbol":2,"members":[]},"arguments":[{"originalDataField":"Sort","dataField":"sort","originalDataFieldType":"Enum","defaultValue":"","initValue":"basic","path":"Sort"}]}]}],"hour":[{"__symbolic":"property","decorators":[{"__symbolic":"call","expression":{"__symbol":2,"members":[]},"arguments":[{"originalDataField":"Hour","dataField":"hour","originalDataFieldType":"Number","initValue":0,"path":"Hour"}]}]}],"teacher":[{"__symbolic":"property","decorators":[{"__symbolic":"call","expression":{"__symbol":2,"members":[]},"arguments":[{"originalDataField":"Teacher","dataField":"teacher","originalDataFieldType":"String","initValue":"","path":"Teacher","validRules":[{"type":"maxLength","constraints":[36],"message":"最大长度为36"}]}]}]}]}}}],"symbols":[{"__symbol":0,"name":"CourseEntity","filePath":"./courseentity"},{"__symbol":1,"name":"Entity","filePath":"@farris/devkit"},{"__symbol":2,"name":"NgField","filePath":"@farris/devkit"}]}